var.x,var.y,estimate,lower,upper,se,p.value,n,message,model
shannon,bbps,-1.27248579677988,-2.69237748730773,0.147405893747966,0.724116840237533,0.0789833043186364,2770,,BMI
shannon,bbps,-2.70393503640122,-4.14657909008671,-1.26129098271574,0.735720224935609,0.000242355659365125,2770,,multiple
shannon,bbpd,-0.444422853367105,-1.30757969628661,0.418733989552401,0.440192940065501,0.312774791538757,2769,,BMI
shannon,bbpd,-1.59321884988603,-2.48723310014459,-0.699204599627465,0.455929686991755,0.000482851606711247,2769,,multiple
