var.x,var.y,estimate,lower,upper,se,p.value,n,message,model
shannon,bbps,-3.23662816846311,-4.52772807273128,-1.94552826419495,0.658482949266127,9.31960107766009e-07,3261,,crude
shannon,bbps,-2.6654576166973,-4.09700737191091,-1.23390786148369,0.730062601487834,0.000266271311078719,2772,,multiple
shannon,bbps,-1.19809100081451,-2.60856892007058,0.212386918441572,0.719316250074424,0.095911857774634,2772,,BMI
shannon,bbpd,-1.97710144039752,-2.77726865590892,-1.17693422488611,0.408098863358528,1.32964749905422e-06,3260,,crude
shannon,bbpd,-1.52288757707029,-2.41031349995423,-0.635461654186355,0.452569925663485,0.000776395506548435,2771,,multiple
shannon,bbpd,-0.339494310514806,-1.19708582860442,0.518097207574806,0.437354885274642,0.437673928147395,2771,,BMI
